{
	"folders": {},
	"connections": {
		"sqlite_jdbc-18edc404107-7b815a10297450fc": {
			"provider": "sqlite",
			"driver": "sqlite_jdbc",
			"name": "db.sqlite3",
			"save-password": true,
			"configuration": {
				"database": "C:\\Users\\noelt\\OneDrive\\Desktop\\DBMS mini project\\crm\\db.sqlite3",
				"url": "jdbc:sqlite:C:\\Users\\noelt\\OneDrive\\Desktop\\DBMS mini project\\crm\\db.sqlite3",
				"configurationType": "MANUAL",
				"type": "dev",
				"closeIdleConnection": true,
				"auth-model": "native"
			}
		}
	},
	"virtual-models": {"sqlite_jdbc-18edc404107-7b815a10297450fc":{"@properties":{"erd.diagram.state":{"serialized":"\u003cdiagram version\u003d\"1\" name\u003d\"empty\" time\u003d\"202404142256\"\u003e\u003centities\u003e\u003cdata-source id\u003d\"sqlite_jdbc-18edc404107-7b815a10297450fc\"\u003e\u003centity id\u003d\"1\" name\u003d\"auth_group\" fq-name\u003d\"auth_group\" order\u003d\"0\" x\u003d\"400\" y\u003d\"480\"/\u003e\u003centity id\u003d\"2\" name\u003d\"auth_group_permissions\" fq-name\u003d\"auth_group_permissions\" order\u003d\"1\" x\u003d\"40\" y\u003d\"500\"/\u003e\u003centity id\u003d\"3\" name\u003d\"auth_permission\" fq-name\u003d\"auth_permission\" order\u003d\"2\" x\u003d\"400\" y\u003d\"640\"/\u003e\u003centity id\u003d\"4\" name\u003d\"auth_user\" fq-name\u003d\"auth_user\" order\u003d\"3\" x\u003d\"400\" y\u003d\"840\"/\u003e\u003centity id\u003d\"5\" name\u003d\"auth_user_groups\" fq-name\u003d\"auth_user_groups\" order\u003d\"4\" x\u003d\"40\" y\u003d\"680\"/\u003e\u003centity id\u003d\"6\" name\u003d\"auth_user_user_permissions\" fq-name\u003d\"auth_user_user_permissions\" order\u003d\"5\" x\u003d\"40\" y\u003d\"860\"/\u003e\u003centity id\u003d\"7\" name\u003d\"django_admin_log\" fq-name\u003d\"django_admin_log\" order\u003d\"6\" x\u003d\"40\" y\u003d\"1060\"/\u003e\u003centity id\u003d\"8\" name\u003d\"django_content_type\" fq-name\u003d\"django_content_type\" order\u003d\"7\" x\u003d\"680\" y\u003d\"1120\"/\u003e\u003centity id\u003d\"9\" name\u003d\"django_migrations\" fq-name\u003d\"django_migrations\" order\u003d\"8\" x\u003d\"400\" y\u003d\"1360\"/\u003e\u003centity id\u003d\"10\" name\u003d\"django_session\" fq-name\u003d\"django_session\" order\u003d\"9\" x\u003d\"40\" y\u003d\"1360\"/\u003e\u003centity id\u003d\"11\" name\u003d\"webapp_department\" fq-name\u003d\"webapp_department\" order\u003d\"10\" x\u003d\"960\" y\u003d\"280\"/\u003e\u003centity id\u003d\"12\" name\u003d\"webapp_gender\" fq-name\u003d\"webapp_gender\" order\u003d\"11\" x\u003d\"960\" y\u003d\"420\"/\u003e\u003centity id\u003d\"13\" name\u003d\"webapp_owner_info\" fq-name\u003d\"webapp_owner_info\" order\u003d\"12\" x\u003d\"680\" y\u003d\"300\"/\u003e\u003centity id\u003d\"14\" name\u003d\"webapp_record\" fq-name\u003d\"webapp_record\" order\u003d\"13\" x\u003d\"40\" y\u003d\"140\"/\u003e\u003centity id\u003d\"15\" name\u003d\"webapp_type_of_veh\" fq-name\u003d\"webapp_type_of_veh\" order\u003d\"14\" x\u003d\"400\" y\u003d\"40\"/\u003e\u003centity id\u003d\"16\" name\u003d\"webapp_vehicle_info\" fq-name\u003d\"webapp_vehicle_info\" order\u003d\"15\" x\u003d\"400\" y\u003d\"160\"/\u003e\u003c/data-source\u003e\u003c/entities\u003e\u003crelations\u003e\u003crelation name\u003d\"FK_auth_group_permissions_auth_group\" fq-name\u003d\"auth_group_permissions.FK_auth_group_permissions_auth_group\" type\u003d\"fk\" pk-ref\u003d\"1\" fk-ref\u003d\"2\"/\u003e\u003crelation name\u003d\"FK_auth_user_groups_auth_group\" fq-name\u003d\"auth_user_groups.FK_auth_user_groups_auth_group\" type\u003d\"fk\" pk-ref\u003d\"1\" fk-ref\u003d\"5\"/\u003e\u003crelation name\u003d\"FK_auth_group_permissions_auth_permission_2\" fq-name\u003d\"auth_group_permissions.FK_auth_group_permissions_auth_permission_2\" type\u003d\"fk\" pk-ref\u003d\"3\" fk-ref\u003d\"2\"/\u003e\u003crelation name\u003d\"FK_auth_user_user_permissions_auth_permission\" fq-name\u003d\"auth_user_user_permissions.FK_auth_user_user_permissions_auth_permission\" type\u003d\"fk\" pk-ref\u003d\"3\" fk-ref\u003d\"6\"/\u003e\u003crelation name\u003d\"FK_auth_user_groups_auth_user_2\" fq-name\u003d\"auth_user_groups.FK_auth_user_groups_auth_user_2\" type\u003d\"fk\" pk-ref\u003d\"4\" fk-ref\u003d\"5\"/\u003e\u003crelation name\u003d\"FK_auth_user_user_permissions_auth_user_2\" fq-name\u003d\"auth_user_user_permissions.FK_auth_user_user_permissions_auth_user_2\" type\u003d\"fk\" pk-ref\u003d\"4\" fk-ref\u003d\"6\"/\u003e\u003crelation name\u003d\"FK_django_admin_log_auth_user\" fq-name\u003d\"django_admin_log.FK_django_admin_log_auth_user\" type\u003d\"fk\" pk-ref\u003d\"4\" fk-ref\u003d\"7\"/\u003e\u003crelation name\u003d\"FK_auth_permission_django_content_type\" fq-name\u003d\"auth_permission.FK_auth_permission_django_content_type\" type\u003d\"fk\" pk-ref\u003d\"8\" fk-ref\u003d\"3\"/\u003e\u003crelation name\u003d\"FK_django_admin_log_django_content_type_2\" fq-name\u003d\"django_admin_log.FK_django_admin_log_django_content_type_2\" type\u003d\"fk\" pk-ref\u003d\"8\" fk-ref\u003d\"7\"/\u003e\u003crelation name\u003d\"FK_webapp_owner_info_webapp_department\" fq-name\u003d\"webapp_owner_info.FK_webapp_owner_info_webapp_department\" type\u003d\"fk\" pk-ref\u003d\"11\" fk-ref\u003d\"13\"/\u003e\u003crelation name\u003d\"FK_webapp_owner_info_webapp_gender_2\" fq-name\u003d\"webapp_owner_info.FK_webapp_owner_info_webapp_gender_2\" type\u003d\"fk\" pk-ref\u003d\"12\" fk-ref\u003d\"13\"/\u003e\u003crelation name\u003d\"FK_webapp_record_webapp_owner_info\" fq-name\u003d\"webapp_record.FK_webapp_record_webapp_owner_info\" type\u003d\"fk\" pk-ref\u003d\"13\" fk-ref\u003d\"14\"/\u003e\u003crelation name\u003d\"FK_webapp_vehicle_info_webapp_owner_info\" fq-name\u003d\"webapp_vehicle_info.FK_webapp_vehicle_info_webapp_owner_info\" type\u003d\"fk\" pk-ref\u003d\"13\" fk-ref\u003d\"16\"/\u003e\u003crelation name\u003d\"FK_webapp_record_webapp_type_of_veh_2\" fq-name\u003d\"webapp_record.FK_webapp_record_webapp_type_of_veh_2\" type\u003d\"fk\" pk-ref\u003d\"15\" fk-ref\u003d\"14\"/\u003e\u003crelation name\u003d\"FK_webapp_record_webapp_vehicle_info_3\" fq-name\u003d\"webapp_record.FK_webapp_record_webapp_vehicle_info_3\" type\u003d\"fk\" pk-ref\u003d\"16\" fk-ref\u003d\"14\"/\u003e\u003c/relations\u003e\u003c/diagram\u003e"}},":webapp_record":{"properties":{"erd.diagram.state":{"serialized":"\u003cdiagram version\u003d\"1\" name\u003d\"empty\" time\u003d\"202404142257\"\u003e\u003centities\u003e\u003cdata-source id\u003d\"sqlite_jdbc-18edc404107-7b815a10297450fc\"\u003e\u003centity id\u003d\"1\" name\u003d\"webapp_record\" fq-name\u003d\"webapp_record\" order\u003d\"0\" color-bg\u003d\"128,64,32\" x\u003d\"40\" y\u003d\"120\"/\u003e\u003centity id\u003d\"2\" name\u003d\"webapp_owner_info\" fq-name\u003d\"webapp_owner_info\" order\u003d\"1\" x\u003d\"680\" y\u003d\"160\"/\u003e\u003centity id\u003d\"3\" name\u003d\"webapp_type_of_veh\" fq-name\u003d\"webapp_type_of_veh\" order\u003d\"2\" x\u003d\"340\" y\u003d\"380\"/\u003e\u003centity id\u003d\"4\" name\u003d\"webapp_vehicle_info\" fq-name\u003d\"webapp_vehicle_info\" order\u003d\"3\" x\u003d\"400\" y\u003d\"20\"/\u003e\u003c/data-source\u003e\u003c/entities\u003e\u003crelations\u003e\u003crelation name\u003d\"FK_webapp_record_webapp_owner_info\" fq-name\u003d\"webapp_record.FK_webapp_record_webapp_owner_info\" type\u003d\"fk\" pk-ref\u003d\"2\" fk-ref\u003d\"1\"/\u003e\u003crelation name\u003d\"FK_webapp_vehicle_info_webapp_owner_info\" fq-name\u003d\"webapp_vehicle_info.FK_webapp_vehicle_info_webapp_owner_info\" type\u003d\"fk\" pk-ref\u003d\"2\" fk-ref\u003d\"4\"/\u003e\u003crelation name\u003d\"FK_webapp_record_webapp_type_of_veh_2\" fq-name\u003d\"webapp_record.FK_webapp_record_webapp_type_of_veh_2\" type\u003d\"fk\" pk-ref\u003d\"3\" fk-ref\u003d\"1\"/\u003e\u003crelation name\u003d\"FK_webapp_record_webapp_vehicle_info_3\" fq-name\u003d\"webapp_record.FK_webapp_record_webapp_vehicle_info_3\" type\u003d\"fk\" pk-ref\u003d\"4\" fk-ref\u003d\"1\"/\u003e\u003c/relations\u003e\u003c/diagram\u003e"}}},":webapp_owner_info":{"properties":{"erd.diagram.state":{"serialized":"\u003cdiagram version\u003d\"1\" name\u003d\"empty\" time\u003d\"202404142257\"\u003e\u003centities\u003e\u003cdata-source id\u003d\"sqlite_jdbc-18edc404107-7b815a10297450fc\"\u003e\u003centity id\u003d\"1\" name\u003d\"webapp_owner_info\" fq-name\u003d\"webapp_owner_info\" order\u003d\"0\" color-bg\u003d\"128,64,32\" x\u003d\"520\" y\u003d\"260\"/\u003e\u003centity id\u003d\"2\" name\u003d\"webapp_department\" fq-name\u003d\"webapp_department\" order\u003d\"1\" x\u003d\"840\" y\u003d\"160\"/\u003e\u003centity id\u003d\"3\" name\u003d\"webapp_gender\" fq-name\u003d\"webapp_gender\" order\u003d\"2\" x\u003d\"840\" y\u003d\"280\"/\u003e\u003centity id\u003d\"4\" name\u003d\"webapp_record\" fq-name\u003d\"webapp_record\" order\u003d\"3\" x\u003d\"40\" y\u003d\"120\"/\u003e\u003centity id\u003d\"5\" name\u003d\"webapp_vehicle_info\" fq-name\u003d\"webapp_vehicle_info\" order\u003d\"4\" border-width\u003d\"3\" x\u003d\"400\" y\u003d\"20\"/\u003e\u003c/data-source\u003e\u003c/entities\u003e\u003crelations\u003e\u003crelation name\u003d\"FK_webapp_record_webapp_owner_info\" fq-name\u003d\"webapp_record.FK_webapp_record_webapp_owner_info\" type\u003d\"fk\" pk-ref\u003d\"1\" fk-ref\u003d\"4\"/\u003e\u003crelation name\u003d\"FK_webapp_vehicle_info_webapp_owner_info\" fq-name\u003d\"webapp_vehicle_info.FK_webapp_vehicle_info_webapp_owner_info\" type\u003d\"fk\" pk-ref\u003d\"1\" fk-ref\u003d\"5\"/\u003e\u003crelation name\u003d\"FK_webapp_owner_info_webapp_department\" fq-name\u003d\"webapp_owner_info.FK_webapp_owner_info_webapp_department\" type\u003d\"fk\" pk-ref\u003d\"2\" fk-ref\u003d\"1\"/\u003e\u003crelation name\u003d\"FK_webapp_owner_info_webapp_gender_2\" fq-name\u003d\"webapp_owner_info.FK_webapp_owner_info_webapp_gender_2\" type\u003d\"fk\" pk-ref\u003d\"3\" fk-ref\u003d\"1\"/\u003e\u003crelation name\u003d\"FK_webapp_record_webapp_vehicle_info_3\" fq-name\u003d\"webapp_record.FK_webapp_record_webapp_vehicle_info_3\" type\u003d\"fk\" pk-ref\u003d\"5\" fk-ref\u003d\"4\"/\u003e\u003c/relations\u003e\u003c/diagram\u003e"}}}}},
	"connection-types": {
		"dev": {
			"name": "Development",
			"color": "255,255,255",
			"description": "Regular development database",
			"auto-commit": true,
			"confirm-execute": false,
			"confirm-data-change": false,
			"smart-commit": false,
			"smart-commit-recover": false,
			"auto-close-transactions": true,
			"close-transactions-period": 1800,
			"auto-close-connections": true,
			"close-connections-period": 14400
		}
	}
}